<?xml version="1.0" encoding="UTF-8" standalone="yes"?>
<!--
    Kodi Bae Batch Installer Manifest File
    
-->
<installer>
    <addons>
        <addon>
            <addon_id>incursion.repository</addon_id>
            <username>nixgates</username>
        </addon>
        <addon>
            <addon_id>plugin.video.incursion</addon_id>
            <username>nixgates</username>
        </addon>
        <addon>
            <addon_id>repository.blamo</addon_id>
            <username>MrBlamo420</username>
        </addon>
        <addon>
            <addon_id>plugin.video.blamo</addon_id>
            <username>MrBlamo420</username>
        </addon>
        <addon>
            <addon_id>plugin.video.placenta</addon_id>
            <username>MrBlamo420</username>
        </addon>
        <addon>
            <addon_id>plugin.video.neptune</addon_id>
            <username>MrBlamo420</username>
        </addon>
        <addon>
            <addon_id>repository.kodibae</addon_id>
            <username>kodibae</username>
        </addon>
        <addon>
            <addon_id>plugin.video.ccloudtv</addon_id>
            <username>kodibae</username>
        </addon>
        <addon>
            <addon_id>plugin.video.exodus</addon_id>
            <username>kodibae</username>
        </addon>
        <addon>
            <addon_id>repository.iceballs</addon_id>
            <username>Iceballs</username>
        </addon>
        <addon>
            <addon_id>plugin.video.1channel</addon_id>
            <username>Iceballs</username>
        </addon>
        <addon>
            <addon_id>plugin.video.icefilms</addon_id>
            <username>Iceballs</username>
        </addon>
        <addon>
            <addon_id>repo.plugin.video.9anime</addon_id>
            <username>DxCx</username>
        </addon>
        <addon>
            <addon_id>plugin.video.9anime</addon_id>
            <username>DxCx</username>
        </addon>
    </addons>
</installer>